time,latitude,longitude,depth,mag,magType,nst,gap,dmin,rms,net,id,updated,place,type,horizontalError,depthError,magError,magNst,status,locationSource,magSource
2017-07-06T06:30:17.000Z,46.8811,-112.5753,12.18,5.8,mww,,62,0.214,0.59,us,us10009757,2017-09-18T03:55:39.345Z,"11km SE of Lincoln, Montana",earthquake,5.5,3.9,0.021,212,reviewed,us,us
2017-03-29T15:15:23.470Z,25.7127,-110.0237,17,5.7,mww,,68,0.894,0.83,us,us20008vll,2017-06-16T23:08:02.040Z,"78km WSW of Higuera de Zaragoza, Mexico",earthquake,2.6,1.8,0.054,33,reviewed,us,us
2016-12-28T09:13:47.243Z,38.3777,-118.8957,8.8,5.5,ml,33,48.58,0.129,0.2187,nn,nn00570744,2017-03-23T22:52:06.040Z,"28km SW of Hawthorne, Nevada",earthquake,,2,0.26,18,reviewed,nn,nn
2016-12-28T08:22:12.208Z,38.3904,-118.8972,12.2,5.6,ml,43,42.44,0.123,0.1913,nn,nn00570710,2017-03-23T22:52:06.040Z,"26km SW of Hawthorne, Nevada",earthquake,,1.2,0.32,18,reviewed,nn,nn
2016-12-28T08:18:00.613Z,38.3755,-118.8989,11.3,5.6,ml,37,35.89,0.133,0.1599,nn,nn00570709,2017-05-29T01:23:58.277Z,"27km SW of Hawthorne, Nevada",earthquake,,1,0.35,20,reviewed,nn,nn
2016-09-03T12:02:44.400Z,36.4251,-96.9291,5.557,5.8,mww,,69,,0.7,us,us10006jxs,2017-09-14T23:28:11.289Z,"14km NW of Pawnee, Oklahoma",earthquake,1.2,6.1,,,reviewed,tul,us
2016-03-28T00:12:54.690Z,30.2073,-114.3078,10,5.5,mww,,107,0.95,0.94,us,us20005ct5,2016-11-10T22:14:48.591Z,"102km SSE of San Felipe, Mexico",earthquake,4.5,1.8,,,reviewed,us,us
2015-09-13T08:14:08.560Z,24.913,-109.6226,10,6.7,mww,,123,1.256,0.65,us,us20003j4u,2016-11-10T21:51:54.701Z,"95km SW of Topolobampo, Mexico",earthquake,6.6,2,,,reviewed,us,us
2015-09-13T07:57:33.460Z,24.8094,-109.5138,10,5.6,mww,,117,1.185,1.25,us,us20003j4t,2016-11-10T21:51:53.062Z,"99km SSW of Topolobampo, Mexico",earthquake,8.1,2,,,reviewed,us,us
2015-01-28T21:08:53.710Z,40.3178333,-124.6066667,16.881,5.72,mw,52,230,0.2459,0.13,nc,nc72387946,2017-03-17T23:30:23.342Z,"40km SW of Ferndale, California",earthquake,0.54,0.33,,13,reviewed,nc,nc
2014-08-24T10:20:44.070Z,38.2151667,-122.3123333,11.12,6.02,mw,369,28,0.03604,0.18,nc,nc72282711,2017-08-28T17:55:01.517Z,South Napa,earthquake,0.11,0.15,,0,reviewed,nc,nc
2014-08-10T18:46:17.970Z,27.6814,-111.6319,10,5.5,mww,,78,0.65,1.29,us,usb000s1qs,2015-01-30T06:50:12.322Z,"76km ENE of Santa Rosalia, Mexico",earthquake,,1.8,,,reviewed,us,us
2013-10-19T17:54:54.700Z,26.0913,-110.3209,9.45,6.6,mww,,44,1.98,1.1,us,usb000khbc,2015-01-29T01:46:26.874Z,"99km SW of Etchoropo, Mexico",earthquake,,3,,,reviewed,us,us
2013-05-24T03:47:08.180Z,40.1918333,-121.0595,7.968,5.69,mw,32,69,0.08649,0.08,nc,nc71996906,2017-06-12T19:08:39.938Z,"10km WNW of Greenville, California",earthquake,0.26,0.68,,5,reviewed,nc,nc
2013-01-13T16:28:26.220Z,25.891,-110.103,10,5.7,mww,429,60.1,,1.03,us,usp000jyce,2015-03-24T02:00:56.709Z,Gulf of California,earthquake,,,,,reviewed,us,us
2012-12-14T10:36:01.590Z,31.095,-119.66,13,6.3,mww,760,20.9,,1.29,us,usp000jwyb,2017-02-07T18:05:57.858Z,off the west coast of Baja California,earthquake,,,,,reviewed,us,us
2012-10-08T06:26:23.020Z,25.127,-109.574,14,5.9,mww,520,35.8,,1.11,us,usp000jtqn,2015-06-30T16:59:04.003Z,Gulf of California,earthquake,,,,,reviewed,us,us
2012-09-25T23:45:24.940Z,24.666,-110.173,10,6.3,mww,659,25.7,,1,us,usp000jsz4,2015-06-30T16:59:03.999Z,"Baja California Sur, Mexico",earthquake,,,,,reviewed,us,us
2012-04-12T07:15:48.500Z,28.696,-113.104,13,7,mww,474,95.9,,1.18,us,usp000jhr6,2015-06-30T16:59:03.952Z,"Baja California, Mexico",earthquake,,,,,reviewed,us,us
2012-04-12T07:06:00.570Z,28.837,-113.027,9,6,mwb,397,102.9,,1.15,us,usp000jhr3,2015-06-30T16:59:03.951Z,"Baja California, Mexico",earthquake,,,,,reviewed,us,us
2012-02-13T21:07:02.770Z,41.1431667,-123.7903333,27.358,5.6,mw,41,72,0.1766,0.27,nc,nc71734741,2017-03-17T22:11:21.182Z,Northern California,earthquake,0.43,1.19,,4,reviewed,nc,nc
2011-11-06T03:53:10.000Z,35.532,-96.765,5.2,5.7,mww,474,17.1,,,us,usp000jadn,2017-06-26T21:36:52.543Z,Oklahoma,earthquake,,,,,reviewed,tul,us
2011-08-23T17:51:04.250Z,37.9096667,-77.9363333,6,5.8,mw,23,80,,0.48,se,se609212,2017-06-27T17:03:00.855Z,"14km SSE of Louisa, Virginia",earthquake,1.9,2.4,,0,reviewed,se,se
2011-07-26T17:44:20.380Z,25.101,-109.525,12,6,mww,379,81.3,,1.19,us,usp000j5hr,2015-06-30T16:59:03.875Z,Gulf of California,earthquake,,,,,reviewed,us,us
2011-03-12T13:25:59.840Z,25.209,-109.82,12.6,5.6,mwc,145,118.6,,1.36,us,usp000hwfy,2015-05-13T18:53:59.000Z,Gulf of California,earthquake,,15.1,,,reviewed,us,gcmt
2010-10-21T17:53:13.570Z,24.696,-109.156,13,6.7,mwc,352,50.3,,1.21,us,usp000hncm,2017-04-13T22:25:36.705Z,Gulf of California,earthquake,,,,,reviewed,us,us
2010-06-15T04:26:58.240Z,32.705,-115.9113333,8.756,5.72,mw,45,71,0.05832,0.2,ci,ci14745580,2017-04-26T18:11:01.552Z,"8km ESE of Ocotillo, CA",earthquake,0.41,0.83,,7,reviewed,ci,ci
2010-04-04T22:50:17.120Z,32.0986667,-115.0481667,10.011,5.7,mw,5,296,0.7811,0.33,ci,ci31957759,2017-02-08T05:21:05.081Z,"12km SSW of Estacion Coahuila, B.C., MX",earthquake,3.14,31.61,,4,reviewed,ci,ci
2010-04-04T22:40:42.360Z,32.2861667,-115.2953333,9.987,7.2,mw,10,239,0.5137,0.11,ci,ci14607652,2017-08-29T18:24:31.570Z,"12km SW of Delta, B.C., MX",earthquake,1.81,31.61,,0,reviewed,ci,ci
2010-02-04T20:20:21.970Z,40.4123333,-124.9613333,23.048,5.88,mw,41,233,0.4802,0.19,nc,nc71348851,2017-03-17T21:31:07.422Z,"61km WSW of Ferndale, California",earthquake,1.42,7.41,,7,reviewed,nc,nc
2010-01-10T00:27:39.320Z,40.652,-124.6925,28.737,6.5,mw,51,220,0.3225,0.2,nc,nc71338066,2017-04-26T18:09:59.915Z,offshore Northern California,earthquake,0.55,1.31,,8,reviewed,nc,nc
2009-12-30T18:48:57.330Z,32.464,-115.1891667,5.971,5.8,mw,19,205,0.324,0.39,ci,ci14565620,2017-07-15T20:26:59.339Z,"12km N of Delta, B.C., MX",earthquake,1.83,31.61,,7,reviewed,ci,ci
2009-08-05T09:13:12.300Z,29.615,-113.789,10,5.8,mwc,223,47.8,,1.32,us,usp000h005,2016-11-10T02:15:45.318Z,"Baja California, Mexico",earthquake,,,,,reviewed,us,gcmt
2009-08-03T18:40:50.100Z,29.31,-113.728,10,6.2,mwc,234,48,,1.28,us,usp000gzyf,2017-04-26T18:09:24.520Z,"Baja California, Mexico",earthquake,,,,,reviewed,us,gcmt
2009-08-03T17:59:56.170Z,29.039,-112.903,10,6.9,mwc,243,35,,1.29,us,usp000gzyb,2017-04-13T22:23:44.390Z,"Sonora, Mexico",earthquake,,,,,reviewed,us,gcmt
2009-08-03T17:55:22.710Z,28.904,-112.997,10,5.5,mb,122,52.7,,1.36,us,usp000gzya,2015-05-13T18:53:56.000Z,Gulf of California,earthquake,,,,38,reviewed,us,us
2009-07-03T11:00:14.630Z,25.131,-109.754,10,6,mwc,211,56.2,,1.13,us,usp000gyws,2016-11-09T07:56:23.288Z,Gulf of California,earthquake,,,,,reviewed,us,us
2008-08-07T02:18:13.830Z,26.64,-111,10,5.5,mwc,149,107.9,,1.33,us,usp000ge0q,2016-11-10T01:59:46.024Z,Gulf of California,earthquake,,,,,reviewed,us,gcmt
2008-02-21T14:16:02.821Z,41.1444,-114.8721,7.9,5.9,mw,18,95.21,0.318,0.1855,nn,nn00234425,2017-06-19T19:02:41.690Z,"8km ENE of Wells, Nevada",earthquake,,1.9,,,reviewed,nn,nn
2007-09-01T19:14:22.640Z,24.902,-109.689,9,6.1,mwc,278,35.9,,1.15,us,usp000fm5s,2016-11-10T01:44:41.327Z,Gulf of California,earthquake,,,,,reviewed,us,gcmt
2007-03-13T02:59:04.400Z,26.261,-110.537,26.1,6,mwb,266,119.5,,1.29,us,usp000f6m4,2016-11-10T01:36:52.622Z,Gulf of California,earthquake,,7,,,reviewed,us,us
2007-02-25T15:00:41.150Z,26.146,-110.421,10,5.9,mwb,188,50,,1.35,us,usp000f5m5,2016-11-10T01:36:09.459Z,Gulf of California,earthquake,,,,,reviewed,us,us
2006-09-10T14:56:08.160Z,26.319,-86.606,14,5.9,mwc,590,46.9,,0.83,us,usp000esv9,2016-11-10T01:28:07.497Z,Gulf of Mexico,earthquake,,,,,reviewed,us,gcmt
2006-07-30T01:20:59.250Z,26.864,-111.209,10,5.9,mwb,294,108.1,,1.17,us,usp000epv9,2016-11-10T01:26:21.136Z,"Baja California Sur, Mexico",earthquake,,,,,reviewed,us,us
2006-01-04T08:32:32.400Z,28.164,-112.117,14,6.6,mwc,323,48.2,,1.25,us,usp000e7jp,2017-04-13T22:19:43.566Z,Gulf of California,earthquake,,,,,reviewed,us,hrv
2005-07-26T04:08:37.160Z,45.365,-112.615,12.9,5.6,mwc,458,25.7,,0.74,us,usp000dvxx,2017-04-26T18:04:34.414Z,western Montana,earthquake,,,,,reviewed,us,hrv
2005-02-22T19:15:49.910Z,25.669,-109.97,10,5.6,mwb,160,66,,1.19,us,usp000dgrs,2016-11-10T01:01:49.314Z,Gulf of California,earthquake,,,,,reviewed,us,us
2004-09-28T17:15:24.250Z,35.8181667,-120.366,8.136,5.97,mw,61,26,0.01622,0.04,nc,nc30228270,2017-04-26T18:02:57.037Z,"18km N of Shandon, California",earthquake,0.14,0.25,,4,reviewed,nc,nc
2004-09-24T14:43:11.370Z,28.565,-112.725,10,5.9,mwb,286,48.6,,1.13,us,usp000d4zn,2016-11-10T00:46:49.446Z,Gulf of California,earthquake,,,,,reviewed,us,us
2004-02-09T01:24:40.630Z,24.897,-112.393,10,5.5,mwb,171,114.5,,1.29,us,usp000cksm,2016-11-10T00:25:45.023Z,"offshore Baja California Sur, Mexico",earthquake,,,,,reviewed,us,us
2003-12-22T19:15:56.240Z,35.7005,-121.1005,8.382,6.5,mw,65,71,0.04685,0.07,nc,nc21323712,2017-04-26T18:02:11.537Z,Central California,earthquake,0.16,0.6,,4,reviewed,nc,nc
2003-12-22T19:15:55.900Z,35.7188333,-121.1571667,11.534,6.48,mw,9,258,,0.14,ci,ci9966449,2017-04-12T01:37:10.305Z,"18km NNW of Cambria, CA",earthquake,0.88,9.55,,6,reviewed,ci,ci
2003-11-12T04:54:56.420Z,28.967,-113.219,10,5.6,mwb,289,78,,0.87,us,usp000ccp2,2016-11-09T23:56:40.571Z,"Baja California, Mexico",earthquake,,,,,reviewed,us,us
2003-04-15T08:21:17.720Z,25.031,-109.429,10,5.5,mwc,137,178,,1.15,us,usp000bv7v,2016-11-09T22:18:14.681Z,Gulf of California,earthquake,,,,,reviewed,us,hrv
2003-03-12T23:41:32.920Z,26.556,-110.587,10,6.4,mwb,288,57.9,,1.14,us,usp000bshh,2017-04-26T18:01:13.253Z,Gulf of California,earthquake,,,,,reviewed,us,us
2002-02-22T19:32:41.750Z,32.3188333,-115.3215,7.007,5.7,mw,20,217.5,0.4751,0.38,ci,ci12456384,2017-06-05T20:00:59.978Z,"13km WSW of Delta, B.C., MX",earthquake,2.44,31.95,,0,reviewed,ci,ci
2001-12-08T23:36:10.110Z,31.9976667,-115.0016667,6.981,5.7,mw,12,261.5,0.6721,0.3,ci,ci9732601,2017-04-26T17:59:35.556Z,"22km S of Estacion Coahuila, B.C., MX",earthquake,4.65,28,,6,reviewed,ci,ci
2001-02-28T18:54:32.830Z,47.149,-122.7266667,51.798,6.8,md,67,31,,0.2,uw,uw10530748,2017-04-26T17:58:44.341Z,"Puget Sound region, Washington",earthquake,0.517,0.92,0.03,0,reviewed,uw,uw
2000-03-24T04:23:45.750Z,27.551,-111.303,10,5.6,mwc,,,,1.35,us,usp0009q39,2016-11-09T22:08:59.107Z,Gulf of California,earthquake,,,,,reviewed,us,hrv
1999-10-16T09:59:38.000Z,34.24,-117.04,6,5.6,mb,,,,,ci,ci10180015,2017-02-08T15:24:10.483Z,"7km ENE of Running Springs, CA",earthquake,,,,0,reviewed,ci,ci
1999-10-16T09:59:35.390Z,34.6781667,-116.2895,13.906,5.77,ml,60,76,,0.35,ci,ci3320848,2017-04-26T17:56:24.624Z,"13km WSW of Ludlow, CA",earthquake,0.56,1.72,,270,reviewed,ci,ci
1999-10-16T09:46:44.460Z,34.6033333,-116.265,13.73,7.1,mw,73,57,,0.31,ci,ci9108652,2017-04-26T17:56:24.046Z,"16km SW of Ludlow, CA",earthquake,0.35,31.61,,0,reviewed,ci,ci
1999-08-01T16:06:20.870Z,37.53,-116.968,6.037,5.94,ml,0,246.6,,0.446,ci,ci9098566,2016-11-09T23:07:38.088Z,"64km SSE of Tonopah, Nevada",earthquake,,,,150,reviewed,ci,ci
1999-07-03T01:43:54.370Z,47.074,-123.4636667,40.014,5.8,md,48,85,,0.21,uw,uw10474303,2017-06-05T19:43:09.197Z,"Olympic Peninsula, Washington",earthquake,0.085,0.06,0.05,6,reviewed,uw,uw
1999-05-15T13:22:10.660Z,37.5296667,-118.8171667,2.934,5.5,mw,31,112,0.05495,0.04,nc,nc21014765,2017-04-13T22:11:41.105Z,Central California,earthquake,0.25,0.51,,6,reviewed,nc,nc
1997-01-22T07:17:16.810Z,40.2736667,-124.3791667,23.007,5.6,mw,27,217,0.06036,0.08,nc,nc492079,2017-04-13T22:09:18.285Z,offshore Northern California,earthquake,0.94,0.49,,3,reviewed,nc,nc
1996-10-01T19:09:03.370Z,26.475,-110.862,10,5.5,mwc,,,,1.04,us,usp0007qtt,2016-11-09T23:37:07.725Z,Gulf of California,earthquake,,,,,reviewed,us,hrv
1996-03-19T15:31:36.440Z,25.006,-109.329,10,5.8,mwc,,,,1.2,us,usp0007ezf,2016-11-09T22:06:57.982Z,Gulf of California,earthquake,,,,,reviewed,us,hrv
1995-09-20T23:27:36.270Z,35.761,-117.638,4.688,5.75,ml,0,88.2,,0.195,ci,ci3231786,2017-06-01T16:23:56.609Z,"16km NNE of Ridgecrest, California",earthquake,,0.469,,37,reviewed,ci,ci
1995-08-28T10:46:12.060Z,26.092,-110.284,12.2,6.6,mwb,,,,1.1,us,usp00072k0,2016-11-10T00:44:13.362Z,Gulf of California,earthquake,,,,,reviewed,us,us
1995-06-30T11:58:56.880Z,24.688,-110.228,10,6.2,mw,,,,1.1,us,usp0006zy0,2017-04-13T22:07:48.331Z,"Baja California Sur, Mexico",earthquake,,,,,reviewed,us,hrv
1995-04-14T00:32:56.170Z,30.285,-103.347,17.8,5.7,mw,,,,1,us,usp0006vmm,2017-04-13T22:07:29.462Z,western Texas,earthquake,,,,,reviewed,us,hrv
1994-09-12T12:23:43.200Z,38.819,-119.652,11.629,5.7,ms,0,0,,0,ci,ci3184133,2017-06-01T16:02:06.265Z,"11km SE of Gardnerville Ranchos, Nevada",earthquake,,,,0,reviewed,ci,ci
1994-05-12T00:22:23.000Z,25.068,-109.294,10,5.6,mw,,,,1.3,us,usp0006ce8,2016-11-09T22:30:31.000Z,Gulf of California,earthquake,,,,,reviewed,us,hrv
1994-03-18T02:20:18.750Z,24.788,-109.109,10,5.7,mw,,,,1.1,us,usp00069un,2016-11-09T22:06:32.071Z,Gulf of California,earthquake,,,,,reviewed,us,hrv
1994-02-03T09:05:04.200Z,42.762,-110.976,7.9,5.8,mw,,,,0.9,us,usp00067xb,2017-04-26T17:48:38.104Z,Wyoming,earthquake,,,,,reviewed,us,hrv
1994-01-17T23:33:30.690Z,34.326,-118.698,9.083,5.58,ml,0,23.9,,0.317,ci,ci3141273,2017-05-10T20:34:13.501Z,"7km NNE of Simi Valley, California",earthquake,,0.84,,28,reviewed,ci,ci
1994-01-17T12:31:58.120Z,34.275,-118.493,5.317,5.89,ml,0,142.2,0.2557,0.494,ci,ci3149646,2016-02-12T12:06:08.216Z,"1km ENE of Granada Hills, California",earthquake,,,,4,reviewed,ci,ci
1994-01-17T12:30:55.390Z,34.213,-118.537,18.202,6.7,mw,0,29.7,,0.31,ci,ci3144585,2017-04-26T17:48:33.917Z,"1km NNW of Reseda, CA",earthquake,,0.403,,0,reviewed,ci,ci
1993-09-21T05:45:35.230Z,42.3575,-122.0583333,8.53,6,md,234,128,,0.08,uw,uw10313838,2017-05-10T20:30:15.680Z,Oregon,earthquake,0.4,0.85,0.02,3,reviewed,uw,uw
1993-09-21T03:28:55.630Z,42.3161667,-122.0266667,8.56,5.9,md,201,129,,0.09,uw,uw10313718,2017-05-10T20:09:32.612Z,Oregon,earthquake,0.441,0.93,0.02,3,reviewed,uw,uw
1993-05-17T23:20:50.250Z,37.165,-117.774,3.599,6.1,mw,0,170.4,,0.344,ci,ci3105173,2017-04-13T22:05:30.624Z,"46km E of Big Pine, California",earthquake,,,,0,reviewed,ci,ci
1993-03-25T13:34:35.440Z,45.0351667,-122.6065,19.608,5.6,md,40,67,0.2067,0.39,uw,uw10306313,2017-05-10T20:02:37.829Z,Oregon,earthquake,0.934,2.84,,2,reviewed,uw,uw
1993-03-05T08:20:55.370Z,28.71,-113.122,10,5.7,mw,,,,1.1,us,usp0005p0k,2016-11-09T22:00:59.437Z,"Baja California, Mexico",earthquake,,,,,reviewed,us,hrv
1992-09-02T10:26:20.900Z,37.09,-113.472,13.739,5.6,ms,0,0,,0,ci,ci3059028,2017-05-10T19:57:47.763Z,"63km ENE of Mesquite, Nevada",earthquake,,,,0,reviewed,ci,ci
1992-07-11T18:14:16.160Z,35.21,-118.067,9.564,5.67,ml,0,28.2,,0.178,ci,ci3041390,2017-04-26T17:46:53.330Z,"12km NW of California City, California",earthquake,,0.578,,15,reviewed,ci,ci
1992-06-29T14:08:37.730Z,34.105,-116.403,9.649,5.69,ml,0,89.3,,0.272,ci,ci3031935,2016-02-10T11:05:13.603Z,"3km ESE of Yucca Valley, California",earthquake,,0.801,,12,reviewed,ci,ci
1992-06-28T15:05:30.730Z,34.203,-116.827,3.634,6.3,mw,0,95.4,,0.226,ci,ci3031425,2017-04-26T17:46:51.514Z,"7km SSE of Big Bear City, CA",earthquake,,91.295,,0,reviewed,ci,ci
1992-06-28T14:43:21.850Z,34.162,-116.852,9.615,5.53,ml,0,70.9,,0.146,ci,ci2057008,2017-04-13T22:04:39.556Z,"11km SSE of Big Bear Lake, California",earthquake,,2.031,,11,reviewed,ci,ci
1992-06-28T12:01:16.190Z,34.12,-116.323,5.706,5.7,ml,0,251.6,,0.224,ci,ci3043630,2016-02-10T00:17:57.350Z,"2km SSW of Joshua Tree, California",earthquake,,,,9,reviewed,ci,ci
1992-06-28T12:00:45.000Z,34.131,-116.408,-1.1,5.77,ml,0,158.7,,0.194,ci,ci3043549,2016-02-09T20:35:36.058Z,"3km NE of Yucca Valley, California",earthquake,,2.73,,11,reviewed,ci,ci
1992-06-28T11:57:34.130Z,34.2,-116.437,-0.097,7.3,mw,0,43.4,,0.194,ci,ci3031111,2017-04-26T17:46:50.935Z,"10km N of Yucca Valley, CA",earthquake,,0.31,,0,reviewed,ci,ci
1992-04-26T11:18:25.980Z,40.3828333,-124.555,21.713,6.57,mw,25,247,0.1901,0.07,nc,nc268078,2017-04-26T17:46:37.313Z,offshore Northern California,earthquake,1.09,0.35,,1,reviewed,nc,nc
1992-04-26T07:41:40.090Z,40.4325,-124.566,18.824,6.45,mw,34,248,0.1802,0.12,nc,nc268031,2017-04-26T17:46:36.119Z,offshore Northern California,earthquake,1.31,0.34,,1,reviewed,nc,nc
1992-04-25T18:06:05.180Z,40.3353333,-124.2286667,9.856,7.2,mh,9,115,0.1072,0.07,nc,nc269151,2017-04-13T22:04:27.420Z,"20km SSW of Rio Dell, California",earthquake,0.33,0.64,,0,reviewed,nc,nc
1992-04-23T04:50:23.230Z,33.96,-116.317,11.629,6.1,mw,0,63.1,,0.256,ci,ci3019681,2017-04-26T17:46:33.037Z,"17km NNE of Thousand Palms, California",earthquake,,0.216,,0,reviewed,ci,ci
1991-12-26T00:22:18.420Z,25.307,-109.693,10,5.6,ms,,,,1.4,us,usp00050yv,2015-05-13T18:53:31.000Z,Gulf of California,earthquake,,,,6,reviewed,us,us
1991-08-17T19:29:40.000Z,40.2516667,-124.2858333,8.32,6,ml,32,196,0.1063,0.09,nc,nc228027,2017-04-26T17:45:59.979Z,Northern California,earthquake,0.36,0.41,,0,reviewed,nc,nc
1991-06-28T14:43:54.660Z,34.27,-117.993,8.049,5.8,mw,0,14.3,,0.264,ci,ci2021449,2017-05-10T19:32:56.476Z,"13km NNE of Sierra Madre, CA",earthquake,,0.304,,0,reviewed,ci,ci
1990-10-24T06:15:19.950Z,38.0618333,-119.1191667,10.903,5.8,ml,124,173,0.3577,0.13,nc,nc20092556,2016-12-17T19:27:41.830Z,Central California,earthquake,0.23,0.32,,0,reviewed,nc,nc
1990-03-16T15:52:42.630Z,24.897,-109.035,10,6.1,mw,,,,1.3,us,usp00046pp,2016-11-10T00:28:52.447Z,Gulf of California,earthquake,,,,,reviewed,us,hrv
1990-02-28T23:43:36.750Z,34.144,-117.697,3.292,5.51,ml,0,30.9,,0.27,ci,ci1053635,2017-05-10T19:15:42.595Z,"6km NNE of Claremont, CA",earthquake,,0.155,,14,reviewed,ci,ci
1989-11-26T19:00:59.830Z,25.892,-110.076,10,5.6,mw,,,,1.3,us,usp00042ey,2016-11-10T00:03:44.882Z,Gulf of California,earthquake,,,,,reviewed,us,hrv
1989-10-18T00:04:15.190Z,37.0361667,-121.8798333,17.214,6.9,mh,84,89,0.008108,0.08,nc,nc216859,2017-09-09T02:01:55.937Z,"1km W of Day Valley, California",earthquake,0.21,0.31,,0,reviewed,nc,nc
1988-11-25T23:46:04.500Z,48.117,-71.183,28.9,5.9,mw,,,,,us,usp0003p6p,2017-04-26T17:42:29.344Z,"Saguenay Valley region, Quebec, Canada",earthquake,,,,,reviewed,ott,hrv
1988-08-14T20:03:03.940Z,39.128,-110.869,9.9,5.5,mb,,,,,us,usp0003k03,2014-11-07T00:42:40.476Z,Utah,earthquake,,,,63,reviewed,slc,us
1988-06-18T22:49:42.370Z,26.856,-110.996,10,6.7,mw,,,,1.2,us,usp0003h35,2017-04-26T17:42:03.638Z,Gulf of California,earthquake,,,,,reviewed,us,hrv
1988-02-12T05:23:56.470Z,30.105,-113.896,10,5.8,mw,,,,1.7,us,usp0003cyu,2016-11-09T21:51:45.698Z,Gulf of California,earthquake,,,,,reviewed,us,hrv
1987-11-24T13:15:56.710Z,33.015,-115.852,11.181,6.6,mw,0,51.3,,0.388,ci,ci628016,2017-04-26T20:38:31.072Z,"22km W of Westmorland, CA",earthquake,,0.765,,0,reviewed,ci,ci
1987-11-24T01:54:14.660Z,33.09,-115.792,10.853,6.2,mw,0,35.4,,0.321,ci,ci134894,2017-04-26T20:34:30.570Z,"17km WNW of Westmorland, CA",earthquake,,0.453,,0,reviewed,ci,ci
1987-10-01T14:42:20.020Z,34.061,-118.079,8.881,5.9,mw,0,44.4,,0.178,ci,ci731691,2017-04-26T17:41:21.695Z,"2km SSW of Rosemead, CA",earthquake,,0.023,,0,reviewed,ci,ci
1987-07-31T23:56:57.830Z,40.4156667,-124.3826667,16.895,5.6,ml,20,243,0.06937,0.06,nc,nc10083966,2017-04-26T20:31:41.868Z,Northern California,earthquake,0.84,0.21,,4,reviewed,nc,nc
1986-07-31T07:22:39.770Z,37.4731667,-118.3686667,5.754,5.8,ml,45,81,0.05405,0.07,nc,nc78895,2017-04-26T17:40:05.295Z,Central California,earthquake,0.26,0.63,,7,reviewed,nc,nc
1986-07-21T22:07:15.640Z,37.6213333,-118.3425,-0.076,5.6,ml,18,296,0.2495,0.05,nc,nc95459,2016-12-05T17:37:21.203Z,Central California,earthquake,3,7.22,,6,reviewed,nc,nc
1986-07-21T14:51:09.370Z,37.4931667,-118.4538333,8.482,5.7,ml,28,198,0.1126,0.04,nc,nc10085764,2017-04-26T17:40:02.667Z,Central California,earthquake,0.71,1.28,,6,reviewed,nc,nc
1986-07-21T14:42:26.660Z,37.538,-118.441,4.06,6.35,ml,0,121.6,,0.112,ci,ci602779,2017-04-26T17:40:02.095Z,"17km N of Dixon Lane-Meadow Creek, CA",earthquake,,,,6,reviewed,ci,ci
1986-07-21T14:42:26.000Z,37.538,-118.4428333,8.804,6.4,ml,42,55,0.09369,0.06,nc,nc10085763,2016-12-05T16:57:35.870Z,Central California,earthquake,0.22,0.77,,7,reviewed,nc,nc
1986-07-20T14:29:46.060Z,37.567,-118.436,4.01,5.84,ml,0,134,,0.102,ci,ci602580,2017-04-26T17:40:01.509Z,"20km N of Dixon Lane-Meadow Creek, CA",earthquake,,,,6,reviewed,ci,ci
1986-07-20T14:29:45.440Z,37.5666667,-118.4381667,5.044,5.9,ml,41,54,0.08108,0.04,nc,nc99451,2016-12-05T15:58:44.870Z,Central California,earthquake,0.19,0.85,,7,reviewed,nc,nc
1986-07-08T09:20:44.560Z,33.999,-116.608,9.468,6,mw,0,26.6,,0.092,ci,ci700917,2017-04-26T20:22:57.115Z,"6km SSW of Morongo Valley, CA",earthquake,,0.015,,0,reviewed,ci,ci
1986-03-31T11:55:39.810Z,37.4791667,-121.6866667,8.502,5.7,ml,87,65,0.02703,0.06,nc,nc68932,2017-04-13T21:58:10.086Z,Northern California,earthquake,0.13,0.41,,6,reviewed,nc,nc
1986-01-26T19:20:50.950Z,36.8043333,-121.285,8.153,5.5,ml,91,27,0.05946,0.05,nc,nc64626,2017-04-26T20:16:50.010Z,Central California,earthquake,0.12,0.21,,8,reviewed,nc,nc
1985-08-04T12:01:55.870Z,36.143,-120.1563333,15.89,5.6,ml,45,163,0.09009,0.08,nc,nc52348,2017-04-26T20:12:27.763Z,Central California,earthquake,0.27,0.55,,0,reviewed,nc,nc
1984-11-26T16:21:40.810Z,37.4473333,-118.6476667,5.955,5.6,ml,35,125,0.09009,0.05,nc,nc39753,2017-04-27T14:06:57.105Z,Central California,earthquake,0.34,1.24,,0,reviewed,nc,nc
1984-11-23T19:12:34.680Z,37.4321667,-118.6071667,10.516,5.5,ml,47,80,0.02613,0.06,nc,nc32650,2016-12-02T04:35:27.402Z,Central California,earthquake,0.25,0.68,,8,reviewed,nc,nc
1984-11-23T18:08:25.360Z,37.4596667,-118.6071667,8.096,6.1,ml,31,66,0.1135,0.08,nc,nc32321,2017-04-26T17:38:19.456Z,Central California,earthquake,0.39,0.84,,0,reviewed,nc,nc
1984-10-09T23:02:28.820Z,24.886,-109.01,10,5.6,mw,,,,1.1,us,usp000281e,2016-11-09T23:41:07.478Z,Gulf of California,earthquake,,,,,reviewed,us,hrv
1984-08-22T09:46:30.250Z,44.467,-114.008,10,5.6,mw,,,,1,us,usp00026m2,2017-04-13T21:56:44.650Z,southern Idaho,earthquake,,,,,reviewed,us,hrv
1984-04-24T21:15:18.760Z,37.3096667,-121.6788333,8.193,6.2,ml,101,26,0.05135,0.06,nc,nc17204,2017-04-26T17:37:43.350Z,Northern California,earthquake,0.11,0.31,,0,reviewed,nc,nc
1984-02-10T16:51:20.890Z,28.271,-112.144,10,6,mw,,,,1.1,us,usp00021vn,2016-11-09T21:50:50.997Z,Gulf of California,earthquake,,,,,reviewed,us,hrv
1983-10-29T23:39:05.530Z,44.281,-114.115,10,5.5,mb,,,,0.8,us,usp0001zda,2014-11-07T00:34:01.338Z,southern Idaho,earthquake,,,,57,reviewed,us,us
1983-10-28T14:06:06.610Z,44.058,-113.857,10,6.9,mw,,,,1.1,us,usp0001zbv,2017-04-26T17:37:09.751Z,southern Idaho,earthquake,,,,,reviewed,us,nc
1983-08-24T13:36:28.830Z,40.372,-124.9245,11.188,5.5,ml,41,257,0.4604,0.14,nc,nc1100970,2017-04-26T17:36:53.201Z,offshore Northern California,earthquake,1.65,2.18,,0,reviewed,nc,nc
1983-05-02T23:46:06.000Z,36.23,-120.29,8,5.5,mb,,,,,us,usp0001uxb,2017-04-26T17:36:28.679Z,Central California,earthquake,,,,3,reviewed,brk,us
1983-05-02T23:42:38.060Z,36.2316667,-120.312,9.578,6.7,ml,64,137,0.03063,0.07,nc,nc1091100,2017-04-26T18:16:19.013Z,Central California,earthquake,0.28,0.24,,0,reviewed,nc,nc
1982-02-07T19:18:17.210Z,29.035,-113.053,10,5.6,ms,,,,1.1,us,usp0001jh9,2016-11-09T21:49:33.424Z,"Baja California, Mexico",earthquake,,,,2,reviewed,us,us
1982-01-09T12:53:51.880Z,46.984,-66.656,10.1,5.7,mb,,,,,us,usp0001hym,2017-04-13T21:54:22.261Z,"New Brunswick, Canada",earthquake,,,,49,reviewed,spe,us
1981-09-30T11:53:26.190Z,37.5838333,-118.8645,3.126,5.9,ml,18,83,0.03243,0.07,nc,nc1068066,2017-04-26T18:07:22.330Z,Central California,earthquake,0.27,0.49,,6,reviewed,nc,nc
1981-04-26T12:09:28.290Z,33.0955,-115.6245,18.904,5.75,ml,81,34,,0.34,ci,ci514869,2017-04-26T17:34:47.340Z,"6km N of Westmorland, CA",earthquake,0.56,0.67,0.161,6,reviewed,ci,ci
1980-11-08T10:27:34.000Z,41.117,-124.253,19,7.2,mw,,,,,us,usp0001aq1,2017-04-26T17:34:18.534Z,offshore Northern California,earthquake,,,,,reviewed,us,1023
1980-09-07T04:36:38.250Z,38.1383333,-118.3913333,6,5.52,ml,5,333,1.09,0.33,ci,ci9735242,2016-11-09T23:25:39.144Z,"48km SSE of Hawthorne, NV",earthquake,8.02,31.61,0.206,12,reviewed,ci,ci
1980-06-09T03:28:19.140Z,32.1998333,-115.1221667,6,6.3,mw,16,233,0.5968,0.62,ci,ci9730174,2017-04-26T17:33:54.285Z,"5km SE of Alberto Oviedo Mota, B.C., MX",earthquake,4.51,31.61,,0,reviewed,ci,ci
1980-05-27T14:50:56.810Z,37.5033333,-118.8055,13.795,6.2,ml,19,183,0.04685,0.12,nc,nc1053177,2017-04-26T17:33:53.653Z,Central California,earthquake,0.71,0.45,,0,reviewed,nc,nc
1980-05-26T18:57:55.590Z,37.5206667,-118.8761667,2.063,5.7,ml,12,211,0.08018,0.03,nc,nc1053105,2016-12-13T22:40:51.410Z,Central California,earthquake,0.49,1.08,,0,reviewed,nc,nc
1980-05-25T20:35:47.930Z,37.6186667,-118.8348333,4.833,5.7,ml,4,182,0.005405,0.04,nc,nc1053058,2017-04-13T21:53:05.090Z,"Long Valley area, California",earthquake,1.65,3.79,,0,reviewed,nc,nc
1980-05-25T19:44:50.910Z,37.5538333,-118.807,11.856,6.1,ml,7,191,0.03964,0.1,nc,nc1053054,2017-04-26T17:33:52.175Z,Central California,earthquake,1.82,1.37,,0,reviewed,nc,nc
1980-05-25T19:44:50.520Z,37.6956667,-118.75,6,6.47,ml,19,224,,0.57,ci,ci3308037,2017-04-12T00:00:31.279Z,"21km ENE of Mammoth Lakes, CA",earthquake,3.61,31.61,0.197,6,reviewed,ci,ci
1980-05-25T16:49:27.160Z,37.6768333,-118.8996667,6.686,6,ml,42,55,0.06126,1.35,nc,nc1053045,2016-12-13T22:35:18.911Z,"Long Valley area, California",earthquake,1.99,2.52,,0,reviewed,nc,nc
1980-05-25T16:33:44.000Z,37.5903333,-118.831,6.806,6.1,ml,11,159,0.004505,0.15,nc,nc1053043,2017-04-26T17:33:50.899Z,Central California,earthquake,1.71,1.44,,0,reviewed,nc,nc
1980-05-18T15:32:11.430Z,46.2073333,-122.188,1.51,5.7,md,18,62,0.008296,0.22,uw,uw10084803,2017-04-13T21:53:02.660Z,"Mount St. Helens area, Washington",earthquake,0.682,0.56,0.08,1,reviewed,uw,uw
1980-01-24T19:00:09.500Z,37.852,-121.815,11,5.8,mw,,,,,us,usp000155j,2017-04-26T17:33:32.759Z,"San Francisco Bay area, California",earthquake,,,,,reviewed,b,1009
1979-10-16T06:58:43.450Z,32.9986667,-115.5575,14.19,5.8,ml,7,79,0.05768,0.17,ci,ci3310205,2017-04-26T17:33:09.208Z,"3km NW of Brawley, CA",earthquake,1.03,1.78,,0,reviewed,ci,ci
1979-10-15T23:16:53.910Z,32.6673333,-115.3591667,15,6.4,mw,78,168,,0.5,ci,ci3352060,2017-04-13T21:52:29.568Z,"10km E of Mexicali, B.C., MX",earthquake,1.26,31.61,0.288,2,reviewed,ci,ci
1979-08-06T17:05:22.930Z,37.1038333,-121.5123333,8.315,5.8,ml,95,97,0.05225,0.06,nc,nc1046962,2017-03-15T17:08:48.847Z,Northern California,earthquake,0.15,0.36,,0,reviewed,nc,nc
1979-03-23T17:21:55.400Z,26.74,-110.806,15,5.6,ms,,,,,us,usp0000zmk,2016-11-09T22:08:30.966Z,Gulf of California,earthquake,,,,,reviewed,us,us
1978-03-24T00:42:36.300Z,29.801,-67.4,20,6.1,mb,,,,,us,usp0000tm9,2016-11-10T00:29:47.889Z,North Atlantic Ocean,earthquake,,,,,reviewed,us,us
1977-11-21T02:50:03.400Z,29.269,-112.97,33,5.6,ms,,,,,us,usp0000rmv,2016-11-10T00:00:51.505Z,"Sonora, Mexico",earthquake,,,,,reviewed,us,us
1976-12-08T14:40:59.100Z,44.76,-110.793,5,5.5,mb,,,,,us,usp0000kp6,2014-11-06T23:21:38.520Z,"Yellowstone National Park, Wyoming",earthquake,,,,,reviewed,g,us
1976-11-26T11:19:32.070Z,41.0351667,-124.9496667,41.78,6.3,ml,13,318,0.6577,0.09,nc,nc1032447,2016-12-15T09:36:52.888Z,offshore Northern California,earthquake,8.57,5.3,,0,reviewed,nc,nc
1975-09-24T17:19:37.200Z,25.154,-109.259,33,5.7,ms,,,,,us,usp0000cxk,2015-05-13T18:53:11.000Z,Gulf of California,earthquake,,,,,reviewed,us,us
1975-08-01T20:20:12.900Z,39.4321667,-121.5458333,4.97,5.7,ml,,,,,nc,nc71105799,2017-02-18T01:24:15.580Z,"0km WSW of Palermo, California",earthquake,,,,0,reviewed,nc,nc
1975-07-08T09:37:27.300Z,29.459,-113.346,33,6.5,ms,,,,,us,usp0000bxv,2017-04-26T17:28:35.154Z,"Baja California, Mexico",earthquake,,,,,reviewed,us,us
1975-06-30T18:54:13.400Z,44.745,-110.605,7,5.9,ms,,,,,us,usp0000buf,2017-04-26T17:28:34.474Z,"Yellowstone National Park, Wyoming",earthquake,,,,,reviewed,g,us
1975-03-28T02:31:05.700Z,42.061,-112.548,5,6.1,mb,,,,,us,usp0000ad8,2017-04-26T17:28:20.788Z,southern Idaho,earthquake,,,,,reviewed,u,us
1974-11-22T16:25:34.480Z,30.25,-114.8,6,5.55,ml,20,312,2.641,3.22,ci,ci3319062,2016-01-29T01:23:27.120Z,"217km S of Estacion Coahuila, B.C., MX",earthquake,99,31.61,0.055,4,reviewed,ci,ci
1974-05-31T14:04:59.900Z,27.226,-111.238,33,6.3,ms,,,,,us,usp00006kc,2017-04-26T17:27:42.392Z,Gulf of California,earthquake,,,,,reviewed,us,us
1973-10-03T04:27:40.500Z,27.557,-112.419,9,5.5,mb,,,,,us,usp00003nm,2014-11-06T23:21:20.615Z,"Baja California Sur, Mexico",earthquake,,,,,reviewed,us,us
1973-03-25T22:42:02.800Z,25.89,-109.878,33,5.5,ms,,,,,us,usp000012t,2015-05-13T18:53:07.000Z,Gulf of California,earthquake,,,,,reviewed,us,us
1972-02-20T06:08:14.000Z,29.328,-113.68,15,5.8,mw,,,,,iscgem,iscgem776334,2015-05-13T18:53:06.000Z,"Baja California, Mexico",earthquake,,,,,automatic,iscgem,iscgem
1971-09-30T08:18:00.000Z,26.816,-110.834,15,6.5,mw,,,,,iscgem,iscgem780731,2017-04-26T17:25:22.838Z,Gulf of California,earthquake,,,,,automatic,iscgem,iscgem
1971-04-14T11:38:40.000Z,27.565,-112.528,15,5.6,mw,,,,,iscgem,iscgem785599,2015-05-13T18:53:05.000Z,"Baja California Sur, Mexico",earthquake,,,,,automatic,iscgem,iscgem
1971-02-09T14:02:45.740Z,34.416,-118.37,6,5.8,mh,0,360,0.3136,0.005,ci,ci3360245,2016-01-29T01:28:58.950Z,"10km SSW of Agua Dulce, CA",earthquake,,,,0,reviewed,ci,ci
1971-02-09T14:01:12.450Z,34.416,-118.37,6,5.8,mh,0,328.5,0.3136,0.324,ci,ci3360255,2016-01-29T01:43:19.420Z,"10km SSW of Agua Dulce, CA",earthquake,,,,0,reviewed,ci,ci
1971-02-09T14:00:41.920Z,34.416,-118.37,8.95,6.6,mw,0,123.4,,0.249,ci,ci3347678,2017-04-26T17:24:34.473Z,"10km SSW of Agua Dulce, CA",earthquake,,6.837,,0,reviewed,ci,ci
1969-11-05T17:54:12.000Z,34.589,-121.428,10,6,mw,,,,,iscgem,iscgem801913,2016-01-28T19:43:08.300Z,offshore Central California,earthquake,,,,,automatic,iscgem,iscgem
1969-10-22T22:51:33.000Z,34.609,-121.492,10,5.8,mw,,,,,iscgem,iscgem803657,2016-01-28T19:56:04.510Z,offshore Central California,earthquake,,,,,automatic,iscgem,iscgem
1969-08-18T03:21:54.000Z,24.679,-109.222,20,5.6,mw,,,,,iscgem,iscgem805990,2015-05-13T18:53:03.000Z,Gulf of California,earthquake,,,,,automatic,iscgem,iscgem
1969-08-18T01:39:25.000Z,24.881,-109.117,20,6,mw,,,,,iscgem,iscgem805985,2015-05-13T18:53:03.000Z,Gulf of California,earthquake,,,,,automatic,iscgem,iscgem
1969-08-17T20:14:59.000Z,25.035,-109.424,15,6.7,mw,,,,,iscgem,iscgem805964,2017-04-13T21:44:08.170Z,Gulf of California,earthquake,,,,,automatic,iscgem,iscgem
1969-08-17T20:13:08.000Z,25.213,-109.188,15,6.5,mw,,,,,iscgem,iscgem805963,2015-05-13T18:53:03.000Z,Gulf of California,earthquake,,,,,automatic,iscgem,iscgem
1969-03-21T04:56:18.000Z,31.296,-114.417,10,6,mw,,,,,iscgem,iscgem811200,2015-05-13T18:53:02.000Z,"Baja California-Sonora border region, Mexico",earthquake,,,,,automatic,iscgem,iscgem
1969-03-20T08:17:42.000Z,31.205,-114.315,10,5.7,mw,,,,,iscgem,iscgem811127,2015-05-13T18:53:02.000Z,"Baja California-Sonora border region, Mexico",earthquake,,,,,automatic,iscgem,iscgem
1968-04-09T02:28:59.610Z,33.1798333,-116.103,10,6.6,mw,15,128,0.6012,0.33,ci,ci3329122,2017-04-26T17:23:18.537Z,"5km NNE of Ocotillo Wells, CA",earthquake,0.88,31.61,,0,reviewed,ci,ci
1967-12-10T12:06:55.000Z,40.478,-124.656,20,5.6,mw,,,,,iscgem,iscgem828247,2017-04-13T21:42:58.245Z,offshore Northern California,earthquake,,,,,automatic,iscgem,iscgem
1966-09-12T16:41:04.000Z,39.385,-120.252,10,5.9,mw,,,,,iscgem,iscgem843363,2017-04-13T21:42:20.283Z,Northern California,earthquake,,,,,automatic,iscgem,iscgem
1966-08-16T18:02:36.000Z,37.38,-114.157,10,5.7,mw,,,,,iscgem,iscgem844550,2015-05-13T18:53:00.000Z,Nevada,earthquake,,,,,automatic,iscgem,iscgem
1966-08-07T17:36:11.770Z,31.0395,-113.7773333,6,6.35,ml,13,335,,0.6,ci,ci3330114,2017-04-20T20:55:19.781Z,"173km SE of Estacion Coahuila, B.C., MX",earthquake,99,31.61,0.123,4,reviewed,ci,ci
1966-05-18T07:32:06.000Z,24.97,-109.085,20,5.9,mw,,,,,iscgem,iscgem847550,2015-05-13T18:53:00.000Z,Gulf of California,earthquake,,,,,automatic,iscgem,iscgem
1965-04-29T15:28:45.000Z,47.288,-122.406,64.7,6.7,mw,,,,,iscgem,iscgem858143,2017-04-26T17:23:13.648Z,"Seattle-Tacoma urban area, Washington",earthquake,,,,,automatic,iscgem,iscgem
1965-02-27T07:46:25.000Z,28.133,-112.208,10,6,mw,,,,,iscgem,iscgem860614,2015-05-13T18:52:59.000Z,Gulf of California,earthquake,,,,,automatic,iscgem,iscgem
1964-07-06T02:14:36.000Z,26.142,-110.307,15,6.5,mw,,,,,iscgem,iscgem865773,2015-05-13T18:52:58.000Z,Gulf of California,earthquake,,,,,automatic,iscgem,iscgem
1964-07-05T19:07:59.000Z,26.128,-110.276,15,6.3,mw,,,,,iscgem,iscgem865760,2015-05-13T18:52:58.000Z,Gulf of California,earthquake,,,,,automatic,iscgem,iscgem
1963-11-23T07:50:48.000Z,29.919,-113.915,15,6.1,mw,,,,,iscgem,iscgem873576,2015-05-13T18:52:57.000Z,"Baja California, Mexico",earthquake,,,,,automatic,iscgem,iscgem
1963-11-18T14:38:29.000Z,29.479,-113.732,15,6.4,mw,,,,,iscgem,iscgem873551,2015-05-13T18:52:57.000Z,"Baja California, Mexico",earthquake,,,,,automatic,iscgem,iscgem
1963-06-11T15:23:42.330Z,31.9726667,-116.2516667,6,5.6,ml,8,280,0.7901,0.51,ci,ci3331349,2016-01-28T20:01:48.230Z,"37km ENE of Ensenada, B.C., MX",earthquake,5.2,31.61,0.1,9,reviewed,ci,ci
1962-08-30T13:35:29.000Z,41.961,-111.497,15,5.9,mw,,,,,iscgem,iscgem875249,2015-05-13T18:52:56.000Z,Utah,earthquake,,,,,automatic,iscgem,iscgem
1962-08-23T19:29:17.000Z,41.838,-124.048,25,5.9,mw,,,,,iscgem,iscgem875211,2015-05-13T18:52:56.000Z,Northern California,earthquake,,,,,automatic,iscgem,iscgem
1961-05-31T14:17:43.000Z,30.005,-113.785,15,6,mw,,,,,iscgem,iscgem876667,2015-05-13T18:52:55.000Z,Gulf of California,earthquake,,,,,automatic,iscgem,iscgem
1961-04-09T07:23:21.000Z,36.732,-121.222,12,5.9,mw,,,,,iscgem,iscgem876374,2015-05-13T18:52:55.000Z,Central California,earthquake,,,,,automatic,iscgem,iscgem
1960-06-06T01:17:53.000Z,40.729,-124.792,15,6,mw,,,,,iscgem,iscgem879414,2015-05-13T18:52:54.000Z,offshore Northern California,earthquake,,,,,automatic,iscgem,iscgem
1960-06-05T07:46:55.610Z,38.4063333,-119.0971667,6,5.51,ml,12,322,1.515,5.36,ci,ci3350693,2016-01-28T20:00:43.400Z,"43km WSW of Hawthorne, NV",earthquake,99,31.61,0.041,5,reviewed,ci,ci
1960-03-31T19:56:18.000Z,25.986,-110.262,15,6,mw,,,,,iscgem,iscgem878707,2015-05-13T18:52:54.000Z,Gulf of California,earthquake,,,,,automatic,iscgem,iscgem
1959-12-19T15:07:01.000Z,27.198,-111.885,15,5.8,mw,,,,,iscgem,iscgem883505,2015-05-13T18:52:54.000Z,Gulf of California,earthquake,,,,,automatic,iscgem,iscgem
1959-08-19T04:04:07.000Z,44.819,-111.659,15,6,mw,,,,,iscgem,iscgem882681,2015-05-13T18:52:54.000Z,western Montana,earthquake,,,,,automatic,iscgem,iscgem
1959-08-18T15:26:10.000Z,44.812,-110.864,10,6.3,mw,,,,,iscgem,iscgem882678,2015-05-13T18:52:54.000Z,"Yellowstone National Park, Wyoming",earthquake,,,,,automatic,iscgem,iscgem
1959-08-18T11:03:51.000Z,44.864,-110.754,15,5.7,mw,,,,,iscgem,iscgem882677,2015-05-13T18:52:54.000Z,"Yellowstone National Park, Wyoming",earthquake,,,,,automatic,iscgem,iscgem
1959-08-18T06:37:20.000Z,44.63,-110.891,10,7.2,mw,,,,,iscgem,iscgem882673,2015-05-13T18:52:54.000Z,"Yellowstone National Park, Wyoming",earthquake,,,,,automatic,iscgem,iscgem
1959-06-23T14:35:04.000Z,39.027,-118.931,15,5.6,mw,,,,,iscgem,iscgem882314,2015-05-13T18:52:53.000Z,Nevada,earthquake,,,,,automatic,iscgem,iscgem
1959-03-23T07:10:26.000Z,39.404,-118.171,15,6,mw,,,,,iscgem,iscgem881629,2015-05-13T18:52:53.000Z,Nevada,earthquake,,,,,automatic,iscgem,iscgem
1958-12-01T03:21:18.380Z,32.2163333,-115.7541667,6,5.75,ml,7,299,,0.16,ci,ci3296828,2017-02-07T00:04:09.890Z,"44km SSW of Progreso, B.C., MX",earthquake,16.74,31.61,0.092,12,reviewed,ci,ci
1958-08-30T18:38:24.000Z,27.483,-111.666,15,6,mw,,,,,iscgem,iscgem885060,2015-05-13T18:52:53.000Z,Gulf of California,earthquake,,,,,automatic,iscgem,iscgem
1958-04-19T04:03:27.000Z,26.142,-110.698,15,5.9,mw,,,,,iscgem,iscgem884227,2015-05-13T18:52:52.000Z,Gulf of California,earthquake,,,,,automatic,iscgem,iscgem
1958-04-12T11:47:06.000Z,26.571,-110.925,15,6.3,mw,,,,,iscgem,iscgem884174,2015-05-13T18:52:52.000Z,Gulf of California,earthquake,,,,,automatic,iscgem,iscgem
1957-10-24T21:44:32.000Z,24.79,-109.245,15,6.2,mw,,,,,iscgem,iscgem887419,2015-05-13T18:52:52.000Z,Gulf of California,earthquake,,,,,automatic,iscgem,iscgem
1957-03-22T19:44:22.000Z,37.557,-122.724,15,5.7,mw,,,,,iscgem,iscgem886234,2015-05-13T18:52:51.000Z,offshore Northern California,earthquake,,,,,automatic,iscgem,iscgem
1956-05-24T02:27:31.000Z,26.097,-109.972,15,5.5,mw,,,,,iscgem,iscgem888285,2015-05-13T18:52:50.000Z,"Sonora-Sinaloa border region, Mexico",earthquake,,,,,automatic,iscgem,iscgem
1956-02-15T01:20:42.000Z,31.265,-115.753,15,6.3,mw,,,,,iscgem,iscgem887963,2016-01-28T18:28:17.990Z,"Baja California, Mexico",earthquake,,,,,automatic,iscgem,iscgem
1956-02-14T18:33:29.680Z,31.0201667,-115.4816667,6,6.43,ml,10,344,,0.42,ci,ci3297559,2016-01-28T18:28:17.460Z,"129km SE of Maneadero, B.C., MX",earthquake,11.71,31.61,0.042,6,reviewed,ci,ci
1956-02-09T18:48:45.100Z,31.7816667,-115.7666667,6,5.56,ml,8,331,1.18,0.33,ci,ci3297542,2017-02-07T00:15:05.483Z,"75km SW of Alberto Oviedo Mota, B.C., MX",earthquake,5.32,31.61,0.105,10,reviewed,ci,ci
1956-02-09T16:59:54.140Z,31.6146667,-116.1346667,6,5.58,ml,10,340,1.156,0.36,ci,ci3297537,2017-02-07T00:09:36.208Z,"42km ESE of Maneadero, B.C., MX",earthquake,7.78,31.61,0.228,7,reviewed,ci,ci
1956-02-09T16:29:50.980Z,31.0435,-115.677,6,5.89,ml,10,343,1.838,0.78,ci,ci3297536,2016-01-28T18:09:36.880Z,"113km SE of Maneadero, B.C., MX",earthquake,18.61,31.61,0.294,4,reviewed,ci,ci
1956-02-09T15:24:25.840Z,31.5171667,-115.915,6,6.2,ml,10,341,1.326,0.65,ci,ci3297529,2017-02-06T23:41:48.215Z,"66km ESE of Maneadero, B.C., MX",earthquake,11.74,31.61,0.033,5,reviewed,ci,ci
1956-02-09T14:34:16.230Z,31.8,-116.2,6,5.6,mh,0,360,1.647,1.018,ci,ci3297522,2016-01-28T18:05:08.090Z,"36km ENE of Maneadero, B.C., MX",earthquake,,,,0,reviewed,ci,ci
1956-02-09T14:32:42.090Z,31.8321667,-116.2308333,6,6.8,ms,6,339,0.9244,0.1,ci,ci3297521,2016-01-28T18:19:03.940Z,"34km ENE of Maneadero, B.C., MX",earthquake,4.34,31.61,,0,reviewed,ci,ci
1955-09-05T02:01:18.000Z,37.189,-122.145,15,5.8,mw,,,,,iscgem,iscgem889890,2015-05-13T18:52:49.000Z,Northern California,earthquake,,,,,automatic,iscgem,iscgem
1955-06-16T12:37:27.000Z,25.432,-112.588,15,5.7,mw,,,,,iscgem,iscgem889656,2015-05-13T18:52:49.000Z,"offshore Baja California Sur, Mexico",earthquake,,,,,automatic,iscgem,iscgem
1955-04-05T16:16:37.000Z,25.559,-109.851,15,6,mw,,,,,iscgemsup,iscgemsup889399,2015-07-13T17:02:23.000Z,Gulf of California,earthquake,,,,,automatic,iscgem,iscgem
1955-04-05T15:09:27.000Z,25.471,-109.662,15,6.5,mw,,,,,iscgem,iscgem889398,2015-05-13T18:52:49.000Z,Gulf of California,earthquake,,,,,automatic,iscgem,iscgem
1954-12-21T19:56:29.000Z,40.846,-123.893,15,6.6,mw,,,,,iscgem,iscgem891371,2015-05-13T18:52:49.000Z,Northern California,earthquake,,,,,automatic,iscgem,iscgem
1954-12-16T11:11:35.000Z,39.207,-117.704,15,6.6,mw,,,,,iscgem,iscgem891357,2015-05-13T18:52:49.000Z,Nevada,earthquake,,,,,automatic,iscgem,iscgem
1954-12-16T11:07:17.000Z,39.346,-117.981,10,7.1,mw,,,,,iscgem,iscgem891356,2015-05-13T18:52:49.000Z,Nevada,earthquake,,,,,automatic,iscgem,iscgem
1954-11-12T12:26:54.250Z,31.9343333,-116.3126667,6,6.09,ml,9,325,,0.31,ci,ci3298562,2017-02-07T03:12:24.838Z,"30km ENE of Ensenada, B.C., MX",earthquake,9.83,31.61,0.223,5,reviewed,ci,ci
1954-10-24T09:44:11.970Z,31.6075,-116.1365,6,5.92,ml,8,340,,0.42,ci,ci3298521,2017-02-07T03:06:53.603Z,"42km ESE of Maneadero, B.C., MX",earthquake,7.5,31.61,0.093,6,reviewed,ci,ci
1954-10-17T22:57:23.000Z,31.377,-116.923,15,6.4,mw,,,,,iscgem,iscgem891170,2015-05-13T18:52:49.000Z,"offshore Baja California, Mexico",earthquake,,,,,automatic,iscgem,iscgem
1954-10-17T22:57:06.050Z,30.6101667,-116.9056667,6,5.77,ml,9,329,,0.63,ci,ci3298512,2016-01-28T18:18:16.560Z,"127km SSW of Maneadero, B.C., MX",earthquake,99,31.61,0.194,6,reviewed,ci,ci
1954-08-31T22:20:36.000Z,39.813,-118.465,15,5.8,mw,,,,,iscgem,iscgem891016,2015-05-13T18:52:49.000Z,Nevada,earthquake,,,,,automatic,iscgem,iscgem
1954-08-24T05:51:35.000Z,39.378,-118.516,15,6.5,mw,,,,,iscgem,iscgem890996,2015-05-13T18:52:49.000Z,Nevada,earthquake,,,,,automatic,iscgem,iscgem
1954-07-06T22:07:44.000Z,39.242,-118.599,10,5.9,mw,,,,,iscgem,iscgem890827,2015-05-13T18:52:49.000Z,Nevada,earthquake,,,,,automatic,iscgem,iscgem
1954-07-06T11:13:23.000Z,39.42,-118.566,10,6.2,mw,,,,,iscgem,iscgem890822,2015-05-13T18:52:49.000Z,Nevada,earthquake,,,,,automatic,iscgem,iscgem
1954-06-04T20:42:45.000Z,27.081,-110.983,15,5.6,mw,,,,,iscgem,iscgem890728,2015-05-13T18:52:49.000Z,"Sonora, Mexico",earthquake,,,,,automatic,iscgem,iscgem
1954-06-04T16:01:58.000Z,27.629,-111.11,15,5.9,mw,,,,,iscgem,iscgem890725,2015-05-13T18:52:49.000Z,Gulf of California,earthquake,,,,,automatic,iscgem,iscgem
1954-05-05T13:09:53.000Z,27.71,-112.073,10,6.4,mw,,,,,iscgem,iscgem890627,2015-05-13T18:52:49.000Z,"Baja California Sur, Mexico",earthquake,,,,,automatic,iscgem,iscgem
1954-04-29T11:34:39.000Z,29.112,-113.024,10,7.2,mw,,,,,iscgem,iscgem890579,2015-05-13T18:52:48.000Z,"Baja California, Mexico",earthquake,,,,,automatic,iscgem,iscgem
1954-04-29T10:49:32.000Z,29.04,-112.833,10,6.6,mw,,,,,iscgem,iscgem890578,2015-05-13T18:52:48.000Z,"Sonora, Mexico",earthquake,,,,,automatic,iscgem,iscgem
1954-03-19T09:54:28.170Z,33.2985,-116.0805,6,6.4,mw,10,246,,0.54,ci,ci3299653,2017-02-07T03:37:24.811Z,"12km W of Salton City, CA",earthquake,5.98,31.61,,0,reviewed,ci,ci
1954-02-01T04:31:49.150Z,32.1946667,-114.3516667,6,5.66,ml,10,328,2.021,0.45,ci,ci3301219,2017-02-07T04:23:12.122Z,"50km SE of San Luis Rio Colorado, Son., MX",earthquake,7.03,31.61,0.22,8,reviewed,ci,ci
1953-10-13T08:53:53.000Z,29.977,-113.984,15,6.2,mw,,,,,iscgem,iscgem892078,2015-05-13T18:52:48.000Z,"Baja California, Mexico",earthquake,,,,,automatic,iscgem,iscgem
1952-11-22T07:46:37.680Z,35.7231667,-121.3278333,6,6.2,ml,10,288,,0.54,ci,ci3307216,2016-01-28T18:20:40.910Z,"28km NW of Cambria, CA",earthquake,6,31.61,0.058,4,reviewed,ci,ci
1952-11-07T20:55:05.000Z,26.304,-110.89,15,6.3,mw,,,,,iscgem,iscgem893693,2015-05-13T18:52:47.000Z,Gulf of California,earthquake,,,,,automatic,iscgem,iscgem
1952-09-22T11:41:29.000Z,40.234,-124.322,15,6,mw,,,,,iscgem,iscgem893449,2015-05-13T18:52:47.000Z,Northern California,earthquake,,,,,automatic,iscgem,iscgem
1952-08-22T22:41:24.520Z,35.3516667,-118.954,6,5.52,ml,11,56,,0.52,ci,ci3306746,2017-02-07T14:40:44.296Z,"7km E of Bakersfield, CA",earthquake,1.7,31.61,0.03,3,reviewed,ci,ci
1952-07-31T12:09:10.870Z,35.2488333,-118.4966667,6,5.64,ml,11,86,,0.69,ci,ci3317866,2017-02-07T15:48:35.156Z,"14km NNW of Tehachapi, CA",earthquake,2.51,31.61,0.079,3,reviewed,ci,ci
1952-07-29T07:03:47.750Z,35.3568333,-118.8948333,6,5.72,ml,14,96,,0.86,ci,ci3317823,2017-02-07T15:37:52.951Z,"11km N of Lamont, CA",earthquake,2.77,31.61,0.038,4,reviewed,ci,ci
1952-07-25T19:43:24.500Z,35.3041667,-118.4678333,6,5.62,ml,11,79,,0.48,ci,ci3318463,2017-02-07T16:20:55.141Z,"19km N of Tehachapi, CA",earthquake,1.38,31.61,0.083,3,reviewed,ci,ci
1952-07-25T19:09:46.710Z,35.332,-118.4628333,6,5.55,ml,11,74,,0.6,ci,ci3318460,2017-02-07T16:15:28.539Z,"22km N of Tehachapi, CA",earthquake,1.59,31.61,0.112,3,reviewed,ci,ci
1952-07-23T13:17:06.330Z,35.1656667,-118.7993333,6,5.51,ml,11,64,,0.57,ci,ci3318262,2017-02-07T16:09:59.852Z,"6km SSE of Arvin, CA",earthquake,1.84,31.61,0.079,3,reviewed,ci,ci
1952-07-23T07:53:19.870Z,34.9881667,-118.8031667,6,5.55,ml,10,88,,0.74,ci,ci3318258,2017-02-07T16:04:32.963Z,"13km ENE of Grapevine, CA",earthquake,2.04,31.61,0.009,3,reviewed,ci,ci
1952-07-21T12:05:32.760Z,34.9731667,-119.0661667,6,5.8,mh,8,89,,0.68,ci,ci3319398,2016-01-28T18:06:35.630Z,"13km WNW of Grapevine, CA",earthquake,2.57,31.61,,1,reviewed,ci,ci
1952-07-21T11:52:15.460Z,34.9581667,-118.998,6,7.5,mw,8,146,,0.39,ci,ci3319401,2016-04-01T20:55:42.438Z,"6km WNW of Grapevine, CA",earthquake,1.42,31.61,,0,reviewed,ci,ci
1951-12-26T00:46:55.570Z,32.9161667,-118.3051667,6,5.75,ml,11,37,,0.54,ci,ci3322187,2016-01-28T18:26:34.480Z,"11km NNE of San Clemente Is. (SE tip), CA",earthquake,2.13,31.61,0.042,5,reviewed,ci,ci
1951-10-08T04:10:38.000Z,40.238,-124.713,15,6,mw,,,,,iscgem,iscgem894786,2015-05-13T18:52:46.000Z,offshore Northern California,earthquake,,,,,automatic,iscgem,iscgem
1951-01-24T07:16:53.380Z,32.622,-115.1191667,6,5.95,ml,9,329,1.637,0.48,ci,ci3322622,2016-01-28T18:07:41.160Z,"14km WNW of Tecolots, B.C., MX",earthquake,4.33,31.61,0.168,12,reviewed,ci,ci
1949-11-20T07:09:53.000Z,28.469,-112.316,10,6.8,mw,,,,,iscgem,iscgem897037,2015-05-13T18:52:45.000Z,Gulf of California,earthquake,,,,,automatic,iscgem,iscgem
1949-11-04T20:42:39.230Z,32.1266667,-116.7496667,6,5.66,ml,10,318,0.8494,0.35,ci,ci3355574,2016-01-28T01:22:49.650Z,"19km ESE of Primo Tapia, B.C., MX",earthquake,4.01,31.61,0.139,12,reviewed,ci,ci
1949-05-02T11:25:47.100Z,34,-115.6958333,6,5.69,ml,4,263,1.395,0.52,ci,ci3356151,2016-01-28T01:45:51.620Z,"38km ESE of Twentynine Palms, CA",earthquake,2.34,31.61,0.127,12,reviewed,ci,ci
1949-04-13T19:55:44.000Z,47.003,-122.527,50,6.7,mw,,,,,iscgem,iscgem896466,2015-05-13T18:52:45.000Z,"Puget Sound region, Washington",earthquake,,,,,automatic,iscgem,iscgem
1949-02-11T21:05:11.720Z,37.9376667,-117.5331667,6,5.52,ml,5,325,1.042,0.19,ci,ci3356225,2016-01-28T01:29:55.780Z,"30km WSW of Tonopah, NV",earthquake,18.76,31.61,0.13,9,reviewed,ci,ci
1948-12-04T23:43:17.590Z,33.9833333,-116.3308333,6,6,mw,7,246,0.7689,0.26,ci,ci9860350,2016-04-02T00:51:47.470Z,"16km E of Desert Hot Springs, CA",earthquake,4.09,31.61,,0,reviewed,ci,ci
1947-04-10T15:58:06.890Z,34.9828333,-116.5315,6,6.5,mw,8,223,1.208,0.51,ci,ci3358945,2016-01-28T01:28:45.890Z,"34km SSE of Fort Irwin, CA",earthquake,4.54,31.61,0.059,9,reviewed,ci,ci
1946-07-18T14:27:58.010Z,34.5016667,-115.9148333,6,5.51,ml,7,250,1.312,0.56,ci,ci3359696,2016-01-28T01:28:33.880Z,"17km WSW of Amboy, CA",earthquake,4.32,31.61,0.119,9,reviewed,ci,ci
1946-03-15T13:49:38.910Z,35.7023333,-117.9441667,6,6.3,mh,8,158,0.4334,0.26,ci,ci3360174,2016-04-02T13:00:32.128Z,"13km WNW of Inyokern, CA",earthquake,2.49,31.61,,0,reviewed,ci,ci
1945-08-15T17:56:19.610Z,33.0823333,-115.6311667,6,5.77,ml,7,293,1.067,0.5,ci,ci3360494,2016-01-28T01:36:19.680Z,"5km N of Westmorland, CA",earthquake,4.73,31.61,0.042,10,reviewed,ci,ci
1945-06-27T13:08:24.000Z,26.895,-110.917,10,6.7,mw,,,,,iscgem,iscgem898976,2015-05-13T18:52:45.000Z,Gulf of California,earthquake,,,,,automatic,iscgem,iscgem
1942-10-22T01:50:38.920Z,33.2661667,-115.572,6,5.63,ml,8,284,,0.41,ci,ci3366107,2016-01-28T01:35:27.210Z,"6km WNW of Niland, CA",earthquake,3.72,31.61,0.113,10,reviewed,ci,ci
1942-10-21T16:22:12.020Z,32.9753333,-115.7853333,6,6.6,mw,7,291,,0.34,ci,ci3366099,2016-04-01T20:53:12.929Z,"17km WSW of Westmorland, CA",earthquake,3.97,31.61,,0,reviewed,ci,ci
1941-09-14T18:38:59.730Z,38.6786667,-118.3413333,6,6.12,ml,5,336,1.624,1.1,ci,ci3365744,2016-01-28T01:46:40.600Z,"30km NE of Hawthorne, NV",earthquake,91.05,31.61,0.196,10,reviewed,ci,ci
1941-09-14T18:21:07.700Z,38.5568333,-118.3925,6,5.89,ml,5,336,1.506,1.12,ci,ci3365743,2016-01-28T01:27:05.150Z,"20km E of Hawthorne, NV",earthquake,92.63,31.61,0.146,9,reviewed,ci,ci
1941-09-14T16:43:35.580Z,37.5488333,-118.6158333,6,5.63,ml,7,310,0.5817,0.27,ci,ci3365741,2016-01-28T01:31:03.900Z,"25km NW of West Bishop, CA",earthquake,18.68,31.61,0.218,9,reviewed,ci,ci
1940-12-07T22:17:00.000Z,31.0693333,-114.8526667,6,6.05,ml,6,336,2.714,42.41,ci,ci3365515,2016-01-28T01:42:35.270Z,"126km S of Estacion Coahuila, B.C., MX",earthquake,99,31.61,0.106,8,reviewed,ci,ci
1940-05-19T04:36:41.500Z,32.8441667,-115.381,6,6.9,mw,7,300,,0.42,ci,ci3365279,2016-04-02T16:10:09.287Z,"4km N of Holtville, CA",earthquake,12.77,31.61,,0,reviewed,ci,ci
1939-05-02T13:14:54.000Z,29.268,-113.54,10,7,mw,,,,,iscgemsup,iscgemsup901929,2015-07-13T17:02:22.000Z,"Baja California, Mexico",earthquake,,,,,automatic,iscgem,iscgem
1937-03-25T16:49:03.820Z,33.4,-116.25,6,6,ml,5,264,0.9981,0.58,ci,ci3364162,2016-01-27T18:56:57.730Z,"16km WSW of Oasis, CA",earthquake,99,31.61,0.051,5,reviewed,ci,ci
1935-02-24T01:44:58.010Z,31.784,-114.801,6,5.65,ml,4,342,2.339,0.48,ci,ci3362764,2016-01-27T18:57:45.720Z,"49km SSE of Estacion Coahuila, B.C., MX",earthquake,99,31.61,0.172,11,reviewed,ci,ci
1934-12-31T18:45:44.080Z,32.18,-115.1755,6,6.42,ml,5,318,1.884,0.32,ci,ci3362656,2016-01-27T18:28:44.710Z,"5km S of Alberto Oviedo Mota, B.C., MX",earthquake,23.53,31.61,0.08,4,reviewed,ci,ci
1934-12-30T13:52:03.310Z,32,-114.9,6,6.33,ml,6,322,2.169,1.23,ci,ci3362651,2016-04-02T00:58:19.927Z,"24km SSE of Estacion Coahuila, B.C., MX",earthquake,99,31.61,0.032,7,reviewed,ci,ci
1934-06-08T04:47:46.900Z,35.8463333,-120.6663333,6,5.84,ml,7,267,1.605,0.84,ci,ci3362218,2016-01-27T18:32:36.890Z,"11km NNE of San Miguel, CA",earthquake,7.93,31.61,0.155,7,reviewed,ci,ci
1934-03-12T15:05:41.000Z,41.38,-112.785,10,6.5,mw,,,,,iscgem,iscgem904837,2015-05-13T18:52:43.000Z,Utah,earthquake,,,,,automatic,iscgem,iscgem
1934-02-09T09:20:28.000Z,37.586,-117.441,10,6.5,mw,,,,,iscgemsup,iscgemsup904783,2015-07-13T17:02:22.000Z,Nevada,earthquake,,,,,automatic,iscgem,iscgem
1933-03-11T01:54:10.660Z,33.6308333,-117.9995,6,6.4,mw,7,161,0.5357,0.23,ci,ci3359741,2016-04-02T19:16:15.783Z,"7km WNW of Newport Beach, CA",earthquake,1.41,31.61,,0,reviewed,ci,ci
1932-12-21T06:10:10.000Z,38.631,-117.91,10,6.8,mw,,,,,iscgem,iscgem906508,2015-05-13T18:52:43.000Z,Nevada,earthquake,,,,,automatic,iscgem,iscgem
1932-07-12T19:24:11.000Z,26.152,-110.157,10,6.7,mw,,,,,iscgem,iscgem906288,2015-05-13T18:52:43.000Z,Gulf of California,earthquake,,,,,automatic,iscgem,iscgem
1932-07-07T16:15:55.000Z,29.318,-113.247,10,6.8,mw,,,,,iscgem,iscgem906276,2015-05-13T18:52:43.000Z,"Baja California, Mexico",earthquake,,,,,automatic,iscgem,iscgem
1932-06-06T08:44:26.000Z,40.73,-124.211,15,6.4,mw,,,,,iscgem,iscgem906203,2015-05-13T18:52:43.000Z,Northern California,earthquake,,,,,automatic,iscgem,iscgem
1931-08-16T11:40:25.000Z,30.664,-104.367,10,6.5,mw,,,,,iscgem,iscgem906944,2015-05-13T18:52:43.000Z,Texas-Chihuahua border region,earthquake,,,,,automatic,iscgem,iscgem
1931-01-17T02:50:21.000Z,26.677,-110.396,10,6.7,mw,,,,,iscgem,iscgem906572,2015-05-13T18:52:43.000Z,Gulf of California,earthquake,,,,,automatic,iscgem,iscgem
1928-11-01T04:12:54.000Z,27.091,-105.779,10,6.4,mw,,,,,iscgem,iscgem908949,2015-05-13T18:52:42.000Z,"Chihuahua, Mexico",earthquake,,,,,automatic,iscgem,iscgem
1927-11-04T13:51:03.000Z,34.813,-120.774,10,6.9,mw,,,,,iscgem,iscgem909604,2015-05-13T18:52:42.000Z,offshore Central California,earthquake,,,,,automatic,iscgem,iscgem
1926-10-22T13:35:27.000Z,36.725,-122.18,10,6.3,mw,,,,,iscgem,iscgem910175,2015-05-13T18:52:42.000Z,offshore Central California,earthquake,,,,,automatic,iscgem,iscgem
1925-06-29T14:42:16.000Z,34.3,-119.8,10,6.82,mw,,,,,ci,ci37161284,2017-06-24T02:35:08.286Z,"14km SSE of Isla Vista, CA",earthquake,,,,,reviewed,ci,ci
1925-06-28T01:21:12.000Z,46.367,-111.408,15,6.9,mw,,,,,iscgem,iscgem910562,2015-05-13T18:52:42.000Z,western Montana,earthquake,,,,,automatic,iscgem,iscgem
1925-03-01T02:19:18.000Z,47.495,-69.928,15,6.3,mw,,,,,iscgem,iscgem910394,2015-05-13T18:52:42.000Z,"St. Lawrence Valley region, Quebec, Canada",earthquake,,,,,automatic,iscgem,iscgem
1923-08-28T23:15:13.000Z,24.813,-109.063,10,6.5,mw,,,,,iscgem,iscgem911521,2015-05-13T18:52:41.000Z,Gulf of California,earthquake,,,,,automatic,iscgem,iscgem
1922-03-10T11:21:04.000Z,34.243,-119.097,10,6.5,mw,,,,,iscgem,iscgem911838,2015-05-13T18:52:41.000Z,"Greater Los Angeles area, California",earthquake,,,,,automatic,iscgem,iscgem
1918-07-15T00:23:13.000Z,41.304,-124.694,15,6.4,mw,,,,,iscgemsup,iscgemsup913200,2015-07-13T17:02:22.000Z,offshore Northern California,earthquake,,,,,automatic,iscgem,iscgem
1918-05-23T11:57:40.000Z,27.102,-110.122,10,6.8,mw,,,,,iscgemsup,iscgemsup913151,2015-07-13T17:02:22.000Z,"Sonora, Mexico",earthquake,,,,,automatic,iscgem,iscgem
1918-04-21T22:32:29.000Z,33.647,-117.433,10,6.7,mw,,,,,iscgem,iscgem913126,2015-05-13T18:52:41.000Z,Southern California,earthquake,,,,,automatic,iscgem,iscgem
1915-10-03T06:53:21.000Z,40.258,-117.654,10,6.8,mw,,,,,iscgem,iscgem913944,2015-05-13T18:52:41.000Z,Nevada,earthquake,,,,,automatic,iscgem,iscgem
1906-04-18T13:12:27.000Z,38.056,-122.403,10,7.7,mw,,,,,iscgem,iscgem16957905,2015-05-13T18:52:41.000Z,"San Pablo Bay, California",earthquake,,,,,automatic,iscgem,iscgem
